category,brand,price,rating,type,energy_rating,height,width,depth,fridge_shelves,freezer_shelves,total_capacity,value_score,volume_m3,form_factor_ratio,price_per_liter,shelf_to_capacity_ratio
0.0,0.2666666666666666,8546700,4.3,0.6000000000000001,0.0,0.0120620333141872,0.1470588235294117,0.0102915951972555,0.3333333333333333,0.0,0.0296912114014251,5.031181619769992e-06,1.825552413609188e-11,0.07679946304913202,215329784.56014407,8.398164771593873
0.0,0.3,43600000,4.4,0.2,0.0,0.0676622630672027,1.0,0.0274442538593481,0.6666666666666666,0.5714285714285714,0.5783847980997625,1.0091743116951435e-06,1.8569403243143042e-09,0.06699233967049772,74101166.68685156,2.104227101199367
0.0,0.3,28905330,4.4,0.8,0.25,0.0723721998851234,0.4117647058823529,0.0634648370497426,0.5,0.1428571428571428,0.5581947743467933,1.5222106090737552e-06,1.891272300499135e-09,0.17159377936500667,50872220.76836253,1.1314027722204638
0.0,0.2666666666666666,11700000,4.1,0.6000000000000001,0.0,0.0281447443997702,0.2647058823529412,0.0154373927958833,0.3333333333333333,0.0,0.1140142517814727,3.504273501278399e-06,1.1500980205737952e-10,0.102454101669399,94343995.40317945,2.6878631168996994
0.0,0.5,39000000,4.2,1.0,0.0,0.0752441125789776,0.8823529411764706,0.0514579759862778,0.3333333333333333,0.2857142857142857,0.6033254156769596,1.0769230766469429e-06,3.4163909454686578e-09,0.08432102266596041,63587777.390496105,1.0093297998491446
0.0,0.5,34100000,4.2,0.8,0.0,0.0717978173463526,0.8823529411764706,0.0445969125214408,0.5,0.1428571428571428,0.6009501187648456,1.2316715538910054e-06,2.825259687728534e-09,0.08045899109347358,55814703.93841608,1.052225252295234
0.0,0.5,58390000,4.0,0.0,0.25,0.0695002871912693,0.3235294117647059,0.0274442538593481,0.6666666666666666,0.0,0.6448931116389549,6.850488096103702e-07,6.170946698447863e-10,0.20837828611138942,89159587.97287004,1.0179778269437694
0.0,0.2666666666666666,15980000,3.9,0.8,1.0,0.0537047673750717,0.2352941176470588,0.0205831903945111,0.3333333333333333,0.1428571428571428,0.176959619952494,2.4405506868331975e-06,2.600977534056538e-10,0.21894029865137146,85473002.15982723,2.54702312890599
0.0,0.3,45000000,4.1,0.2,0.25,0.0676622630672027,1.0,0.0454545454545454,0.5,0.4285714285714285,0.6330166270783848,9.11111110908642e-07,3.0755574121455737e-09,0.06699233967049772,69982638.2475712,1.4440861860609928
0.0,0.8,57169000,3.8,0.0,0.25,0.0735209649626651,0.6176470588235294,0.0205831903945111,0.6666666666666666,0.2857142857142857,0.992874109263658,6.64695901508738e-07,9.346828357679123e-10,0.11713743246160324,57005160.93886928,0.9496515500636672
0.0,0.2666666666666666,7850000,4.0,0.4,0.25,0.0,0.1764705882352941,0.0102915951972555,0.1666666666666666,0.2857142857142857,0.0,5.09554139478275e-06,0.0,0.0,785000000.0,45.238095238095234
0.0,0.3,43000000,4.2,0.2,0.25,0.0723721998851234,0.8823529411764706,0.0356775300171526,0.3333333333333333,0.2857142857142857,0.4334916864608076,9.767441858193618e-07,2.2782894121842863e-09,0.08110266302222136,96957849.07075143,1.3958494329122577
0.0,0.5,27900000,4.3,1.0,0.25,0.0815623205054566,0.3529411764705882,0.0291595197255574,0.6666666666666666,0.2857142857142857,0.3942992874109263,1.5412186374404234e-06,8.394063859909752e-10,0.2247260046341592,69008283.88461314,2.355633517139892
0.0,0.4666666666666667,100000000,3.0,0.2,0.25,0.0704192992533026,1.0,0.0771869639794168,0.6666666666666666,0.2857142857142857,0.7779097387173397,2.9999999997e-07,5.43545191492044e-09,0.06972207846861644,126918091.10367489,1.2087437247969037
0.0,0.4666666666666667,29500000,4.0,1.0,0.25,0.0786904078116025,0.4411764705882353,0.0360205831903945,0.5,0.2857142857142857,0.3598574821852731,1.3559322029301925e-06,1.2505034033223075e-09,0.1744115948888191,79760452.1225355,2.124370395515473
0.0,0.5,63860000,4.1,0.2,0.25,0.0704192992533026,0.2941176470588235,0.0411663807890222,0.5,0.2857142857142857,0.6377672209026128,6.420294392981476e-07,8.526199082228122e-10,0.2315528215292349,98584797.03714569,1.2129577730399115
0.0,0.4666666666666667,83940000,4.8,0.0,0.25,0.0695002871912693,0.0588235294117647,0.0325900514579759,0.6666666666666666,0.1428571428571428,0.7232779097387173,5.718370263793379e-07,1.332363491710335e-10,1.0098332326936565,114472287.90774514,1.1039795400522294
0.0,0.4666666666666667,49967000,4.4,1.0,0.25,0.0700746697300402,0.7941176470588235,0.0428816466552315,0.3333333333333333,0.2857142857142857,0.4584323040380047,8.805811834049311e-07,2.386257797789177e-09,0.0871447977623031,106668561.43197607,1.3215305898232728
0.0,0.5,68900000,4.8,0.0,0.25,1.0,0.088235294117647,1.0,0.6666666666666666,0.8571428571428572,0.6437054631828979,6.966618286361884e-07,8.823529411764699e-08,10.179640718562881,105399149.74019839,2.3310337906464498
0.0,0.7333333333333333,32000000,4.3,1.0,0.0,0.0821367030442274,0.5588235294117647,0.0480274442538593,0.3333333333333333,0.2857142857142857,0.4940617577197149,1.343749999580078e-06,2.2044559590116505e-09,0.14439751310774207,63484284.43522927,1.2281185977053282
0.0,0.4666666666666667,84000000,4.4,0.2,0.25,0.0695002871912693,0.0588235294117647,0.0325900514579759,0.6666666666666666,0.1428571428571428,0.6258907363420427,5.238095237471655e-07,1.332363491710335e-10,1.0098332326936565,132098165.92581525,1.2730548870401694
0.0,0.1,24900000,3.6,0.2,0.25,0.0798391728891441,0.5294117647058824,0.039451114922813,0.5,0.4285714285714285,0.3598574821852731,1.4457831319494846e-06,1.667511733231038e-09,0.14801155279339692,67323229.07969946,2.5106195583364683
0.0,0.7333333333333333,75000000,3.8,0.2,0.75,0.0763928776565192,0.1176470588235294,0.039451114922813,0.6666666666666666,1.0,0.6508313539192399,5.066666665991111e-07,3.545628465543214e-10,0.5984695484612104,113493404.26296683,2.5220756502881514
0.0,0.4666666666666667,92620000,2.8,0.2,0.25,0.0700746697300402,0.9411764705882352,0.0634648370497426,0.6666666666666666,0.2857142857142857,0.672209026128266,3.023105160545983e-07,4.1856729371590874e-09,0.07367157609218822,135764841.05706626,1.3960251417164475
0.0,0.3,51400000,3.8,0.2,0.25,0.0677771395749569,0.9117647058823528,0.0325900514579759,0.5,0.4285714285714285,0.5736342042755345,7.39299610751109e-07,2.013961013502649e-09,0.07352976214258249,88068861.66619185,1.5910161223742272
0.0,0.1,28090000,4.3,1.0,0.25,0.0809879379666858,0.4705882352941176,0.0343053173241852,0.5,0.4285714285714285,0.3598574821852731,1.5307938762795321e-06,1.3074432524134506e-09,0.16851835317425443,75948172.88549228,2.5106195583364683
0.0,0.9,95736810,4.7,0.2,0.25,0.0704192992533026,0.2941176470588235,0.0411663807890222,1.0,0.7142857142857142,0.7494061757719715,4.909292464945376e-07,8.526199082228122e-10,0.2315528215292349,126067989.77198085,2.25740291424818
0.0,0.7333333333333333,55554000,3.8,0.2,0.0,0.0704192992533026,0.2941176470588235,0.0411663807890222,0.3333333333333333,0.2857142857142857,0.505938242280285,6.840191524131442e-07,8.526199082228122e-10,0.2315528215292349,107675677.91538142,1.1998482925235836
0.0,0.4666666666666667,92585110,4.2,0.2,0.25,0.0700746697300402,0.9411764705882352,0.0634648370497426,0.6666666666666666,0.2857142857142857,0.672209026128266,4.5363665923671345e-07,4.1856729371590874e-09,0.07367157609218822,135713698.37401205,1.3960251417164475
0.0,0.2666666666666666,8154000,4.2,0.2,0.25,0.0704192992533026,0.2941176470588235,0.0411663807890222,0.0,0.2857142857142857,0.0,5.1508462041319036e-06,8.526199082228122e-10,0.2315528215292349,815400000.0,28.57142857142857
0.0,0.3,68000000,4.6,0.2,0.5,0.0704192992533026,0.2941176470588235,0.0411663807890222,0.5,0.4285714285714285,0.6460807600950119,6.764705881358131e-07,8.526199082228122e-10,0.2315528215292349,103645776.76405632,1.4153309852234581
0.0,0.1,44540000,4.0,1.0,0.25,0.0695002871912693,0.7941176470588235,0.0485420240137221,0.3333333333333333,0.2857142857142857,0.5296912114014252,8.9806915112302e-07,2.6791024842522877e-09,0.08643049614130052,82528673.91400026,1.147040392672187
0.0,0.7333333333333333,73000000,3.8,0.2,0.75,0.0704192992533026,0.2941176470588235,0.0411663807890222,0.6666666666666666,0.2857142857142857,0.6508313539192399,5.205479451341715e-07,8.526199082228122e-10,0.2315528215292349,110466913.48262104,1.4411860858789438
0.0,0.4666666666666667,111850000,4.0,0.2,0.25,0.0704192992533026,0.9705882352941176,0.0771869639794168,0.6666666666666666,0.2857142857142857,0.7779097387173397,3.5762181489873744e-07,5.275585682128663e-09,0.0718133225738539,141957884.89946038,1.2087437247969037
0.0,0.4666666666666667,97503510,3.3,0.2,0.25,0.0700746697300402,0.9411764705882352,0.078902229845626,0.6666666666666666,0.2857142857142857,0.7779097387173397,3.3844935425007266e-07,5.203809597549141e-09,0.07367157609218822,123749593.65108076,1.2087437247969037
0.0,0.1,72520000,4.0,0.2,0.25,0.0704192992533026,0.2941176470588235,0.0411663807890222,0.6666666666666666,0.1428571428571428,0.6888361045130641,5.515719800673508e-07,8.526199082228122e-10,0.2315528215292349,103772543.4213657,1.1583886469172489
0.0,0.2666666666666666,14150000,4.2,0.4,1.0,0.0120620333141872,0.1764705882352941,0.0085763293310463,0.5,0.2857142857142857,0.0213776722090261,2.968197877760991e-06,1.8255524136091992e-11,0.06468598307292821,450957607.8728241,25.040553693089674
0.0,0.2,28244040,4.2,1.0,0.0,0.0792647903503733,0.4117647058823529,0.0325900514579759,0.5,0.0,0.333729216152019,1.4870393890225903e-06,1.0636885396629626e-09,0.187936044066436,82169448.13765462,1.4546334047405154
0.0,0.2,24000000,4.5,1.0,0.0,0.0763928776565192,0.2941176470588235,0.0343053173241852,0.5,0.2857142857142857,0.2885985748218527,1.8749999992187498e-06,7.7078879685722e-10,0.25119514896727785,80375467.3454777,2.6313397047626625
0.0,0.2666666666666666,13790000,4.6,0.4,1.0,0.0120620333141872,0.1764705882352941,0.0085763293310463,0.5,0.2857142857142857,0.0213776722090261,3.335750541453408e-06,1.8255524136091992e-11,0.06468598307292821,439484481.4534448,25.040553693089674
0.0,0.2,43300000,3.5,0.0,0.0,0.0700746697300402,0.0588235294117647,0.0368782161234991,1.0,0.2857142857142857,0.5522565320665083,8.083140875731377e-07,1.5201345971101425e-10,1.018178961889473,77011110.6417135,2.286704044128741
0.0,0.1,40899000,4.0,1.0,0.25,0.0695002871912693,0.7941176470588235,0.0485420240137221,0.3333333333333333,0.2857142857142857,0.5296912114014252,9.780190222308569e-07,2.6791024842522877e-09,0.08643049614130052,75782223.49368426,1.147040392672187
0.0,0.1,40000000,3.8,0.8,0.25,0.0712234348075818,0.7058823529411764,0.0668953687821612,0.3333333333333333,0.1428571428571428,0.6021377672209026,9.499999997625e-07,3.363189132272047e-09,0.09949041838363933,65344767.37418028,0.7779138973116698
0.0,0.1,74042570,3.2,0.0,0.25,0.0695002871912693,0.0588235294117647,0.0351629502572898,0.6666666666666666,0.1428571428571428,0.6223277909738717,4.3218380987691484e-07,1.4375500831611515e-10,1.0098332326936565,117095232.97396792,1.2802281049153819
0.0,0.8,35390000,3.6,0.8,0.25,0.0695002871912693,0.8235294117647058,0.0600343053173241,0.5,0.1428571428571428,0.6935866983372921,1.017236507200555e-06,3.436095320726658e-09,0.08338072563525604,50299415.95489687,0.9136857538329466
0.0,0.4666666666666667,83650000,4.3,0.0,0.25,0.0695002871912693,0.2941176470588235,0.0325900514579759,0.6666666666666666,0.1428571428571428,0.6603325415676959,5.140466227717816e-07,6.661817458551675e-10,0.22853092500030528,124788809.75160342,1.2076451004908535
0.0,0.4666666666666667,86209120,4.0,0.2,0.25,0.0704192992533026,0.9705882352941176,0.0428816466552315,0.6666666666666666,0.2857142857142857,0.7363420427553444,4.6398803276683626e-07,2.93088093451592e-09,0.0718133225738539,115508861.97129308,1.2760649914145983
0.0,0.4666666666666667,78000000,4.0,0.0,0.25,0.0704192992533026,1.0,0.0428816466552315,0.6666666666666666,0.2857142857142857,0.7363420427553444,5.128205127547666e-07,3.0196955082891302e-09,0.06972207846861644,104509722.7968556,1.2760649914145983
0.0,0.4666666666666667,122500000,5.0,0.2,0.25,0.0704192992533026,0.9705882352941176,0.0771869639794168,0.6666666666666666,0.2857142857142857,0.8396674584323041,4.0816326527280296e-07,5.275585682128663e-09,0.0718133225738539,144174051.6060496,1.1208866985893067
0.0,0.7333333333333333,37750000,2.7,1.0,0.0,0.0752441125789776,0.8529411764705882,0.0343053173241852,0.3333333333333333,0.2857142857142857,0.6425178147268409,7.152317878900049e-07,2.20167416485758e-09,0.08719494981885612,57852826.61715991,0.9487060813914586
0.0,0.1666666666666666,31900000,4.0,1.0,0.25,0.0798391728891441,0.6764705882352942,0.0445969125214408,0.5,0.2857142857142857,0.4703087885985748,1.2539184949047277e-06,2.4086280591115003e-09,0.116303850823946,66415607.536719255,1.6358524023822476
0.0,0.2,28875190,4.0,0.4,0.0,0.022400919012062,0.5,0.0222984562607204,0.3333333333333333,0.2857142857142857,0.0415676959619952,1.3852722695901664e-06,2.497529563952023e-10,0.043923370611886274,559947258.8668821,12.004562303963512
0.0,0.2,27790000,4.4,0.2,0.25,0.0704192992533026,0.2941176470588235,0.0411663807890222,0.3333333333333333,0.0,0.167458432304038,1.5833033459577892e-06,8.526199082228122e-10,0.2315528215292349,156600053.54035604,1.878374157854816
0.0,0.9666666666666668,66520000,3.0,0.2,0.0,0.0763928776565192,0.3529411764705882,0.0274442538593481,0.6666666666666666,0.0,0.6769596199524941,4.509921827343668e-07,7.399572449829297e-10,0.21048280715734627,96832474.67238338,0.9704597581918558
0.0,0.7333333333333333,64130000,3.7,0.2,0.0,0.0704192992533026,0.2941176470588235,0.0411663807890222,0.6666666666666666,0.2857142857142857,0.7517814726840855,5.769530639986039e-07,8.526199082228122e-10,0.2315528215292349,84184247.45096818,1.2502023041139376
0.0,0.1,41184840,3.7,0.8,0.25,0.0712234348075818,0.8823529411764706,0.0514579759862778,0.3333333333333333,0.1428571428571428,0.5439429928741093,8.983888244076246e-07,3.2338357041077346e-09,0.07981531916472581,74348516.95896402,0.8596380535834245
0.0,0.2,27007780,3.8,0.2,0.0,0.0704192992533026,0.2941176470588235,0.0411663807890222,0.5,0.0,0.333729216152019,1.4070019818707786e-06,8.526199082228122e-10,0.2315528215292349,78572837.9517656,1.4546334047405154
0.0,0.2,21009640,3.9,0.2,0.0,0.0704192992533026,0.2941176470588235,0.0411663807890222,0.5,0.1428571428571428,0.3752969121140143,1.8562907304188501e-06,8.526199082228122e-10,0.2315528215292349,54528441.156525485,1.668472086448783
0.0,0.7333333333333333,67990000,3.9,0.2,0.0,0.0704192992533026,0.2941176470588235,0.0411663807890222,0.6666666666666666,0.8571428571428572,0.8016627078384798,5.736137666460341e-07,8.526199082228122e-10,0.2315528215292349,83766322.32009599,1.8773925536970222
0.0,0.7333333333333333,32000000,3.4,0.2,0.0,0.0704192992533026,0.2941176470588235,0.0411663807890222,0.5,0.4285714285714285,0.5237529691211401,1.0624999996679688e-06,8.526199082228122e-10,0.2315528215292349,59952828.08953763,1.7397026008124756
0.0,0.9,35600000,4.2,1.0,0.25,0.0804135554279149,0.6470588235294118,0.039451114922813,0.3333333333333333,0.4285714285714285,0.4370546318289786,1.1797752805674789e-06,2.052732269525018e-09,0.12238410405322768,79632325.59375167,1.7042766312199393
0.0,0.4666666666666667,88886000,4.0,0.0,0.25,0.0695002871912693,0.0588235294117647,0.0325900514579759,0.6666666666666666,0.1428571428571428,0.6258907363420427,4.500146254246996e-07,1.332363491710335e-10,1.0098332326936565,139781875.91050017,1.2730548870401694
0.0,0.5,42000000,4.1,1.0,0.0,0.0752441125789776,0.8823529411764706,0.0514579759862778,0.3333333333333333,0.2857142857142857,0.6033254156769596,9.761904759580499e-07,3.4163909454686578e-09,0.08432102266596041,68479144.88207273,1.0093297998491446
0.0,0.1,110000000,4.0,0.2,0.25,0.0700746697300402,0.9411764705882352,0.0771869639794168,0.6666666666666666,0.4285714285714285,0.7779097387173397,3.6363636360330576e-07,5.090683301950251e-09,0.07367157609218822,139609900.21404237,1.390055283516439
0.0,0.4666666666666667,43280000,5.0,0.8,0.25,0.0695002871912693,0.8823529411764706,0.0488850771869639,0.3333333333333333,0.1428571428571428,0.5213776722090261,1.1552680219142172e-06,2.997817856348257e-09,0.07788430337848241,81448661.21317779,0.8961431785623819
0.0,0.1,73027570,3.0,0.2,0.25,0.0700746697300402,0.9411764705882352,0.0428816466552315,0.5,0.4285714285714285,0.5926365795724465,4.1080375529258277e-07,2.828157389972358e-09,0.07367157609218822,121180114.97378898,1.5408480999115974
0.0,0.2333333333333333,55000000,4.5,0.2,0.75,0.0704192992533026,0.2941176470588235,0.0411663807890222,0.6666666666666666,0.0,0.6769596199524941,8.181818180330579e-07,8.526199082228122e-10,0.2315528215292349,80062930.05082811,0.9704597581918558
0.0,0.1666666666666666,17727000,3.9,0.2,0.5,0.0704192992533026,0.2941176470588235,0.0411663807890222,0.5,0.1428571428571428,0.2921615201900237,2.2000338454335e-06,8.526199082228122e-10,0.2315528215292349,58667298.168382995,2.1275281592866686
0.0,0.1,42520000,5.0,1.0,0.25,0.0695002871912693,0.7647058823529411,0.0480274442538593,0.3333333333333333,0.2857142857142857,0.5142517814726841,1.1759172151514776e-06,2.552527952539804e-09,0.08971183616185104,81106066.7844683,1.1808212025691975
0.0,0.2,38070030,4.5,1.0,0.0,0.0804135554279149,0.7941176470588235,0.0497427101200686,0.5,0.2857142857142857,0.4821852731591448,1.1820321651487976e-06,3.1764611996800196e-09,0.10000222694034772,77348982.33675982,1.5963791047039928
0.0,0.7333333333333333,39080000,3.8,0.2,0.0,0.0752441125789776,0.8235294117647058,0.0480274442538593,0.3333333333333333,0.2857142857142857,0.5118764845605701,9.723643805086068e-07,2.9760561124971433e-09,0.09027169469602113,74883619.31637157,1.1861956561788158
0.0,0.5333333333333333,60840000,3.3,0.2,0.0,0.0704192992533026,0.2941176470588235,0.0411663807890222,0.6666666666666666,0.1428571428571428,0.7256532066508313,5.424063115479279e-07,8.526199082228122e-10,0.2315528215292349,82702011.55920054,1.100414981142113
0.0,0.6,9911470,4.1,0.2,0.0,0.0704192992533026,0.2941176470588235,0.0411663807890222,0.3333333333333333,0.0,0.1852731591448931,4.1366215060564965e-06,8.526199082228122e-10,0.2315528215292349,50756950.12772169,1.7070105015610428
0.0,0.1,88980000,4.8,0.2,0.25,0.0704192992533026,0.9705882352941176,0.0634648370497426,0.6666666666666666,0.4285714285714285,0.672209026128266,5.394470666959489e-07,4.33770378308356e-09,0.0718133225738539,130429232.96542598,1.6054289129739145
0.0,0.4333333333333333,71550000,2.0,0.2,0.5,0.0677771395749569,0.9411764705882352,0.0651801029159519,0.5,0.4285714285714285,0.8266033254156769,2.7952480778762753e-07,4.157854995618377e-09,0.07125611458096892,85524403.0549956,1.1099303581061621
0.0,0.7333333333333333,11900000,4.0,0.2,0.0,0.0704192992533026,0.2941176470588235,0.0411663807890222,0.1666666666666666,0.0,0.0700712589073634,3.361344534990467e-06,8.526199082228122e-10,0.2315528215292349,148617620.88401073,2.0814792840897853
0.0,0.1,87870000,3.3,0.2,0.25,0.0700746697300402,0.9411764705882352,0.0634648370497426,0.6666666666666666,0.2857142857142857,0.672209026128266,3.755547968162564e-07,4.1856729371590874e-09,0.07367157609218822,128802165.66275547,1.3960251417164475
0.0,0.7333333333333333,64425000,3.6,0.2,0.0,0.0704192992533026,0.2941176470588235,0.0411663807890222,0.6666666666666666,0.2857142857142857,0.9097387173396676,5.587892897852092e-07,8.526199082228122e-10,0.2315528215292349,70047067.48276128,1.0354907697435005
0.0,0.7333333333333333,10490000,3.6,0.6000000000000001,0.0,0.0183802412406662,0.2941176470588235,0.0188679245283018,0.1666666666666666,0.0,0.1591448931116389,3.43183984420225e-06,1.0199911898260884e-10,0.06043793057859293,62017834.57379583,0.9853484997425453
0.0,0.1,97193400,5.0,0.2,0.25,0.0700746697300402,0.9411764705882352,0.0806174957118353,0.6666666666666666,0.4285714285714285,0.672209026128266,5.144382231186029e-07,5.316935893148039e-09,0.07367157609218822,142468651.50934854,1.6054289129739145
0.0,0.9333333333333332,43500000,4.0,0.2,0.25,0.0695002871912693,0.8235294117647058,0.0497427101200686,0.1666666666666666,0.2857142857142857,0.5534441805225653,9.19540229673669e-07,2.8470504086020916e-09,0.08338072563525604,77203743.51840141,0.8028851269018209
0.0,0.8,53700000,4.0,0.0,0.25,0.0735209649626651,0.0,0.0445969125214408,0.6666666666666666,0.2857142857142857,0.992874109263658,7.448789570307488e-07,0.0,7.352096496266509,53546102.65033988,0.9496515500636672
0.0,0.3333333333333333,65669000,3.0,0.2,0.25,0.0700746697300402,0.9117647058823528,0.0651801029159519,0.6666666666666666,0.2857142857142857,0.6187648456057007,4.5683655903747027e-07,4.164461756734298e-09,0.07602229645250055,104441271.58021986,1.5146854329355934
0.0,0.1,107357020,4.0,0.2,0.25,0.0700746697300402,0.9411764705882352,0.0771869639794168,0.6666666666666666,0.4285714285714285,0.7779097387173397,3.7258858336673384e-07,5.090683301950251e-09,0.07367157609218822,136255480.44979048,1.390055283516439
0.0,0.6666666666666666,42000000,4.0,0.2,0.0,0.0704192992533026,0.2941176470588235,0.0411663807890222,0.6666666666666666,0.4285714285714285,1.0,9.523809521541951e-07,8.526199082228122e-10,0.2315528215292349,41584158.41584159,1.0843941537010842
0.0,0.7333333333333333,32000000,4.0,0.2,0.0,0.0704192992533026,0.2941176470588235,0.0411663807890222,0.3333333333333333,0.2857142857142857,0.4109263657957245,1.249999999609375e-06,8.526199082228122e-10,0.2315528215292349,76022797.8105073,1.4706791243104091
0.0,0.1,83990000,4.6,0.2,0.25,0.0704192992533026,0.2941176470588235,0.0411663807890222,0.6666666666666666,0.2857142857142857,0.7363420427553444,5.476842480595684e-07,8.526199082228122e-10,0.2315528215292349,112535533.56035772,1.2760649914145983
0.0,0.1,76896690,4.0,0.2,0.25,0.0704192992533026,0.9705882352941176,0.0634648370497426,0.6666666666666666,0.2857142857142857,0.7779097387173397,5.201784367415322e-07,4.33770378308356e-09,0.0718133225738539,97595811.06991045,1.2087437247969037
0.0,0.8666666666666667,8720000,3.6,0.2,0.0,0.0704192992533026,0.2941176470588235,0.0411663807890222,0.1666666666666666,0.0,0.0593824228028503,4.128440362238027e-06,8.526199082228122e-10,0.2315528215292349,125680246.49092788,2.402145384000914
0.0,0.1,78750510,3.0,0.2,0.25,0.0704192992533026,0.9705882352941176,0.0634648370497426,0.6666666666666666,0.2857142857142857,0.672209026128266,3.809499137998027e-07,4.33770378308356e-09,0.0718133225738539,115434576.47714216,1.3960251417164475
0.0,0.3666666666666666,86100000,3.0,0.2,0.25,0.0704192992533026,0.2941176470588235,0.0411663807890222,0.6666666666666666,0.8571428571428572,0.6377672209026128,3.484320557086606e-07,8.526199082228122e-10,0.2315528215292349,132918118.14748266,2.352402953774374
0.0,0.1,90499000,3.3,0.2,0.25,0.0704192992533026,0.9705882352941176,0.0771869639794168,0.6666666666666666,0.4285714285714285,0.8467933491686461,3.646449131631681e-07,5.275585682128663e-09,0.0718133225738539,105625236.33944166,1.2782990160939203
0.0,0.4333333333333333,34900000,5.0,0.2,0.5,0.0717978173463526,0.7352941176470588,0.0411663807890222,0.5,0.1428571428571428,0.5748218527315915,1.4326647560364859e-06,2.1732766828680985e-09,0.09633487726029946,59676292.59575159,1.0992358439659522
0.0,0.5666666666666667,58000000,4.0,0.2,0.0,0.0723721998851234,0.3529411764705882,0.0343053173241852,0.6666666666666666,0.1428571428571428,0.5950118764845606,6.896551722948871e-07,8.762651585324181e-10,0.19940476467538054,95865886.69467238,1.3380296172491217
0.0,0.2,25359600,3.4,0.2,0.5,0.0704192992533026,0.2941176470588235,0.0411663807890222,0.5,0.1428571428571428,0.2719714964370546,1.3407151527071739e-06,8.526199082228122e-10,0.2315528215292349,89936750.06317918,2.279865699122712
0.0,0.5,57000000,4.0,0.0,0.0,0.0712234348075818,0.2941176470588235,0.0274442538593481,0.6666666666666666,0.0,0.6448931116389549,7.017543858417975e-07,5.749041251747072e-10,0.2341969809920485,87037104.20369227,1.0179778269437694
0.0,0.4333333333333333,75000000,1.0,0.2,0.5,0.0704192992533026,0.2941176470588235,0.0411663807890222,0.5,0.4285714285714285,0.8266033254156769,1.3333333331555554e-07,8.526199082228122e-10,0.2315528215292349,89648221.23165157,1.1099303581061621
0.0,0.6,77598670,5.0,0.2,0.75,0.0704192992533026,0.2941176470588235,0.0411663807890222,0.6666666666666666,0.4285714285714285,0.7375296912114014,6.443409402964843e-07,8.526199082228122e-10,0.2315528215292349,103806806.48851323,1.4651432687084556
0.0,0.2,26900000,1.8,0.4,0.25,0.0436530729465824,0.2941176470588235,0.0437392795883361,0.3333333333333333,0.0,0.167458432304038,6.691449811638866e-07,5.615746948531171e-10,0.14354008512415878,151584794.5388837,1.878374157854816
0.0,0.9,90000000,3.8,0.2,0.25,0.0704192992533026,0.2941176470588235,0.0411663807890222,0.6666666666666666,0.1428571428571428,0.7494061757719715,4.222222221753086e-07,8.526199082228122e-10,0.2315528215292349,118513652.99802946,1.065995820617196
0.0,0.1,74830000,5.0,0.2,0.25,0.0704192992533026,0.2941176470588235,0.0411663807890222,0.6666666666666666,0.1428571428571428,0.5866983372921615,6.681812106550606e-07,8.526199082228122e-10,0.2315528215292349,125406751.32359381,1.3566718037081478
0.0,0.6,40015510,4.0,0.2,0.0,0.0704192992533026,0.2941176470588235,0.0411663807890222,0.3333333333333333,0.2857142857142857,0.6603325415676959,9.996124000419807e-07,8.526199082228122e-10,0.2315528215292349,59695013.32341164,0.9234933121400646
0.0,0.4,52299000,4.0,0.0,0.75,0.0723721998851234,0.1176470588235294,0.0308747855917667,0.6666666666666666,0.2857142857142857,0.3812351543942993,7.648329794518379e-07,2.6287954755972557e-10,0.5669711511737779,133676637.72691397,2.434292884174494
0.0,0.2,14904380,4.0,0.4,0.0,0.0396323951751866,0.2941176470588235,0.0360205831903945,0.3333333333333333,0.0,0.169833729216152,2.6837748348580922e-06,4.198770551301172e-10,0.13031928781009136,82878668.33971734,1.8535640382159997
0.0,0.1,70510000,4.0,0.2,0.25,0.0695002871912693,0.0588235294117647,0.0351629502572898,0.6666666666666666,0.1428571428571428,0.6223277909738717,5.672954190090348e-07,1.4375500831611515e-10,1.0098332326936565,111508621.0134856,1.2802281049153819
0.0,0.8,54870000,4.0,0.2,0.25,0.0704192992533026,0.2941176470588235,0.0411663807890222,0.6666666666666666,0.2857142857142857,0.992874109263658,7.289958081412438e-07,8.526199082228122e-10,0.2315528215292349,54712749.57959309,0.9496515500636672
0.0,0.4333333333333333,72499000,4.2,0.0,0.5,0.0723721998851234,0.0294117647058823,0.0308747855917667,0.5,0.2857142857142857,0.7434679334916865,5.79318335345409e-07,6.571988688993129e-11,1.8363095493240291,96220418.6501056,1.0427972456281778
0.0,0.4333333333333333,58000000,3.8,0.2,0.5,0.0677771395749569,0.4411764705882353,0.0749571183533447,0.5,0.4285714285714285,0.5261282660332541,6.551724136801428e-07,2.2413437085755328e-09,0.15022312552467632,108183066.76709051,1.731994911295784
0.0,0.2,23100000,4.1,0.8,0.0,0.070649052268811,0.4411764705882353,0.0325900514579759,0.5,0.4285714285714285,0.4821852731591448,1.7748917741234232e-06,1.01578952157255e-09,0.15658851219945072,46933545.67829739,1.8866298510138095
0.0,0.2,22711070,4.3,0.4,0.0,0.0704192992533026,0.2941176470588235,0.0411663807890222,1.0,0.2857142857142857,0.3812351543942993,1.8933498061106983e-06,8.526199082228122e-10,0.2315528215292349,58049665.897638276,3.2862953936355668
0.0,0.0666666666666666,26900000,4.0,1.0,1.0,0.0763928776565192,0.3529411764705882,0.039451114922813,0.5,0.2857142857142857,0.3871733966745844,1.4869888470308591e-06,1.0636885396629644e-09,0.21048280715734627,67728604.74851981,1.9782651413534729
0.0,0.4333333333333333,84000000,4.0,0.2,0.5,0.0677771395749569,0.9411764705882352,0.0655231560891938,0.5,0.4285714285714285,0.8266033254156769,4.761904761337868e-07,4.1797384429637405e-09,0.07125611458096892,100406007.77944976,1.1099303581061621
0.0,0.3666666666666666,70000000,4.0,0.2,0.25,0.0704192992533026,0.2941176470588235,0.0411663807890222,0.6666666666666666,0.8571428571428572,0.6437054631828979,5.714285713469387e-07,8.526199082228122e-10,0.2315528215292349,107081864.75782129,2.3310337906464498
0.0,0.1,74440000,4.0,0.2,0.25,0.0704192992533026,0.2941176470588235,0.0411663807890222,0.6666666666666666,0.1428571428571428,0.66270783847981,5.3734551309278e-07,8.526199082228122e-10,0.2315528215292349,110657250.80329084,1.2033809675135898
0.0,0.1,70510000,4.0,0.0,0.25,0.0695002871912693,0.0588235294117647,0.0351629502572898,0.6666666666666666,0.1428571428571428,0.6223277909738717,5.672954190090348e-07,1.4375500831611515e-10,1.0098332326936565,111508621.0134856,1.2802281049153819
0.0,0.3333333333333333,78841000,4.0,0.0,0.0,0.0695002871912693,0.0588235294117647,0.039451114922813,0.6666666666666666,0.1428571428571428,0.7256532066508313,5.073502364876967e-07,1.6128610689125137e-10,1.0098332326936565,107171421.65251364,1.100414981142113
0.0,0.0333333333333333,19500000,4.0,0.2,0.75,0.0723721998851234,0.5294117647058824,0.0222984562607204,0.5,0.1428571428571428,0.3159144893111639,2.051282050230112e-06,8.543585295691085e-10,0.13416874569761153,59831644.92383937,1.972471810676023
0.0,0.1333333333333333,58800000,5.0,0.2,0.25,0.0704192992533026,0.2941176470588235,0.0411663807890222,0.6666666666666666,0.1428571428571428,0.8064133016627079,8.503401359098062e-07,8.526199082228122e-10,0.2315528215292349,72022344.41825958,0.9915612691208395
0.0,0.2,35391470,4.3,1.0,0.0,0.0723721998851234,0.7941176470588235,0.0643224699828473,0.5,0.2857142857142857,0.5201900237529691,1.214982027812074e-06,3.6967436375586416e-09,0.09000200424631294,66752425.38416738,1.4819484534103056
0.0,0.6333333333333333,70000000,4.0,0.2,0.75,0.0740953475014359,1.0,0.0480274442538593,1.0,0.8571428571428572,0.4584323040380047,5.714285713469387e-07,3.5586101715955455e-09,0.07336173019944148,149434612.849247,3.9645917694698185
0.0,0.4333333333333333,34100000,4.6,0.8,0.5,0.0717978173463526,0.7352941176470588,0.0411663807890222,0.5,0.1428571428571428,0.5748218527315915,1.3489736066425299e-06,2.1732766828680985e-09,0.09633487726029946,58308354.65659396,1.0992358439659522
0.0,0.3666666666666666,32000000,4.0,0.2,0.0,0.0704192992533026,0.2941176470588235,0.0411663807890222,0.3333333333333333,0.2857142857142857,0.6306413301662708,1.249999999609375e-06,8.526199082228122e-10,0.2315528215292349,49949946.23855252,0.966293602829141
0.0,0.1666666666666666,36500000,4.3,0.2,0.25,0.0844342331993107,0.6764705882352942,0.0514579759862778,0.5,0.5714285714285714,0.503562945368171,1.1780821914580598e-06,2.9391393859108213e-09,0.12299759763395732,71072105.82304241,2.0862653372713034
0.0,0.7666666666666666,10500000,3.0,0.6000000000000001,0.0,0.0149339460080413,0.2058823529411764,0.0,0.1666666666666666,0.0,0.0285035629453681,2.8571428544217686e-06,0.0,0.06917631665850195,272702035.780383,4.32860374254576
0.0,0.3666666666666666,59200000,4.0,0.2,0.25,0.0704192992533026,0.2941176470588235,0.0411663807890222,0.6666666666666666,0.0,0.6448931116389549,6.756756755615413e-07,8.526199082228122e-10,0.2315528215292349,90396431.03260672,1.0179778269437694
0.0,0.1666666666666666,72070000,4.1,0.2,0.0,0.0746697300402067,0.3823529411764705,0.0411663807890222,0.6666666666666666,0.2857142857142857,0.6900237529691211,5.688913555475382e-07,1.1753080300950677e-09,0.1903126552748897,102953649.35020868,1.3604980521610428
0.0,0.2,21768080,3.8,0.4,0.0,0.0704192992533026,0.2941176470588235,0.0411663807890222,1.0,0.2857142857142857,0.3812351543942993,1.74567531828913e-06,8.526199082228122e-10,0.2315528215292349,55639376.358448185,3.2862953936355668
0.0,0.6333333333333333,99240000,4.0,0.2,0.0,0.0729465824238943,0.2941176470588235,0.0445969125214408,0.6666666666666666,0.2857142857142857,0.7553444180522565,4.030632808944918e-07,9.568212809107307e-10,0.23986303698379174,129667111.5111263,1.2443821760726885
0.0,0.2,24078000,4.0,0.4,0.0,0.0695002871912693,0.2941176470588235,0.0368782161234991,1.0,0.2857142857142857,0.339667458432304,1.661267546448514e-06,7.538372387308485e-10,0.22853092500030528,68859710.61748523,3.676962939241317
0.0,0.8333333333333334,23280000,1.0,0.2,0.0,0.0789775990809879,0.2941176470588235,0.0325900514579759,0.6666666666666666,0.1428571428571428,0.3016627078384798,4.2955326442029496e-07,7.570247111990547e-10,0.2596942329548926,74696135.96524654,2.5974355903477155
0.0,0.2,47900000,3.6,0.0,0.0,0.0686387133831131,0.4117647058823529,0.0428816466552315,1.0,0.1428571428571428,0.5522565320665083,7.515657618472724e-07,1.2119639634794445e-09,0.16274171931839926,85192429.55515188,2.0326258170033253
0.0,0.7,69000000,3.0,0.0,0.25,0.0695002871912693,0.2941176470588235,0.0274442538593481,0.6666666666666666,0.0,0.6377672209026128,4.347826086326402e-07,5.609951544043511e-10,0.22853092500030528,106519746.25059587,1.0291762922762886
0.0,0.2,19773480,3.8,0.4,0.0,0.0700746697300402,0.2941176470588235,0.0360205831903945,1.0,0.2857142857142857,0.339667458432304,1.9217659198473075e-06,7.423913148677447e-10,0.23041961033088657,56549385.77542287,3.676962939241317
0.0,0.2,20065220,4.0,0.2,0.0,0.0704192992533026,0.2941176470588235,0.0411663807890222,1.0,0.2857142857142857,0.5866983372921615,1.993499198118187e-06,8.526199082228122e-10,0.2315528215292349,33627075.43489511,2.154714041183529
0.0,0.7333333333333333,38659000,4.0,0.2,0.0,0.0704192992533026,0.2941176470588235,0.0411663807890222,0.3333333333333333,0.1428571428571428,0.5617577197149644,1.0346879119908203e-06,8.526199082228122e-10,0.2315528215292349,67614303.51875702,0.8328536017456294
0.0,0.6333333333333333,43220200,4.0,0.2,0.75,0.0723721998851234,0.8529411764705882,0.0480274442538593,0.5,0.4285714285714285,0.340855106888361,9.254931719599879e-07,2.9646971197013492e-09,0.08386689829905235,123185323.94556902,2.646595162335464
0.0,0.0,19986940,4.0,1.0,1.0,0.0798391728891441,0.5294117647058824,0.0308747855917667,0.6666666666666666,0.5714285714285714,0.3931116389548693,2.0013068523739465e-06,1.3050091825286385e-09,0.14801155279339692,49581649.51976903,3.0713457971722073
0.0,0.6,27082000,4.0,0.2,0.0,0.0704192992533026,0.2941176470588235,0.0411663807890222,0.3333333333333333,0.2857142857142857,0.4940617577197149,1.4769957900166177e-06,8.526199082228122e-10,0.2315528215292349,53727543.471089974,1.2281185977053282
0.0,1.0,53000000,4.0,0.2,0.25,0.0704192992533026,0.2941176470588235,0.0411663807890222,0.6666666666666666,0.1428571428571428,0.6757719714964371,7.547169809896761e-07,8.526199082228122e-10,0.2315528215292349,77285165.04450832,1.1804562495567308
0.0,0.8333333333333334,25280000,4.0,0.2,0.0,0.0704192992533026,0.2941176470588235,0.0411663807890222,0.5,0.5714285714285714,0.3420427553444181,1.5822784803867569e-06,8.526199082228122e-10,0.2315528215292349,71809459.5506376,3.0434614976818604
0.0,0.2,21768080,3.0,0.4,0.0,0.0772544514646754,0.4117647058823529,0.039451114922813,1.0,0.2857142857142857,0.3812351543942993,1.3781647249651025e-06,1.254965864777795e-09,0.18316955019518574,55639376.358448185,3.2862953936355668
0.0,0.4333333333333333,87700000,4.0,0.2,0.5,0.0723721998851234,0.0294117647058823,0.0308747855917667,0.5,0.2857142857142857,0.7434679334916865,4.5610034202324966e-07,6.571988688993129e-11,1.8363095493240291,116395132.56202514,1.0427972456281778
0.0,0.7,69000000,4.0,0.0,0.25,0.0695002871912693,0.3235294117647059,0.0274442538593481,0.6666666666666666,0.0,0.6377672209026128,5.797101448435202e-07,6.170946698447863e-10,0.20837828611138942,106519746.25059587,1.0291762922762886
0.0,0.2,21317500,4.0,0.2,0.0,0.0704192992533026,0.2941176470588235,0.0411663807890222,0.6666666666666666,0.2857142857142857,0.339667458432304,1.8763926342786945e-06,8.526199082228122e-10,0.2315528215292349,60965066.911215276,2.7236762512898647
0.0,0.6333333333333333,74711900,4.0,0.2,0.75,0.070649052268811,0.3529411764705882,0.0360205831903945,0.6666666666666666,0.1428571428571428,0.5771971496437055,5.353899445020953e-07,8.981717874957304e-10,0.19465703218310976,127234779.74191982,1.3786235338761528
0.0,0.4333333333333333,80500000,4.0,0.2,0.5,0.0677771395749569,0.9411764705882352,0.0655231560891938,0.5,0.4285714285714285,0.8266033254156769,4.968944098761622e-07,4.1797384429637405e-09,0.07125611458096892,96222424.1219727,1.1099303581061621
0.0,0.4333333333333333,32700000,4.0,0.2,0.5,0.0717978173463526,0.7352941176470588,0.0411663807890222,0.5,0.1428571428571428,0.5748218527315915,1.2232415898399873e-06,2.1732766828680985e-09,0.09633487726029946,55914463.26306811,1.0992358439659522
0.0,0.6333333333333333,41210000,4.0,0.2,0.0,0.0723721998851234,0.5294117647058824,0.0497427101200686,0.5,0.4285714285714285,0.5237529691211401,9.706381943774234e-07,1.905876719808012e-09,0.13416874569761153,77208001.42405768,1.7397026008124756
0.0,0.6,17150000,4.0,0.8,0.25,0.0614589316484778,0.5882352941176471,0.0205831903945111,0.5,0.1428571428571428,0.2862232779097388,2.3323615146750076e-06,7.441299362140367e-10,0.10273371072016937,57895517.60083392,2.170177669335715
0.0,0.2,17148910,4.1,0.8,0.5,0.0465249856404365,0.2941176470588235,0.0360205831903945,0.3333333333333333,0.1428571428571428,0.176959619952494,2.390822505692302e-06,4.92899151674486e-10,0.15298351177706396,91725207.85160719,2.54702312890599
0.0,0.2,18300000,4.1,0.8,0.0,0.0660539919586444,0.4411764705882353,0.0325900514579759,0.5,0.1428571428571428,0.3218527315914489,2.2404371572456626e-06,9.497219104133592e-10,0.1464038935198116,55144943.09641401,1.937175986993466
0.0,0.1666666666666666,26827200,4.3,0.2,0.0,0.0704192992533026,0.2941176470588235,0.0411663807890222,0.5,0.2857142857142857,0.2980997624703088,1.6028508373580355e-06,8.526199082228122e-10,0.2315528215292349,87073095.366587,2.5501943896824786
0.0,0.1,78470000,4.4,0.2,0.25,0.0700746697300402,0.9411764705882352,0.0428816466552315,0.5,0.4285714285714285,0.5926365795724465,5.607238434356157e-07,2.828157389972358e-09,0.07367157609218822,130211146.5846833,1.5408480999115974
0.0,0.9,78000000,4.0,0.2,0.25,0.0704192992533026,0.2941176470588235,0.0411663807890222,0.6666666666666666,0.1428571428571428,0.7256532066508313,5.128205127547666e-07,8.526199082228122e-10,0.2315528215292349,106028219.947693,1.100414981142113
